,genre_id,genre_name,id
0,12,Adventure,140607
1,28,Action,140607
2,878,Science Fiction,140607
3,12,Adventure,135397
4,878,Science Fiction,135397
5,53,Thriller,135397
6,28,Action,168259
7,80,Crime,168259
8,53,Thriller,168259
9,28,Action,99861
10,12,Adventure,99861
11,878,Science Fiction,99861
12,10751,Family,211672
13,16,Animation,211672
14,12,Adventure,211672
15,35,Comedy,211672
16,28,Action,206647
17,12,Adventure,206647
18,53,Thriller,206647
19,16,Animation,150540
20,10751,Family,150540
21,12,Adventure,150540
22,18,Drama,150540
23,35,Comedy,150540
24,28,Action,177677
25,12,Adventure,177677
26,28,Action,131634
27,12,Adventure,131634
28,878,Science Fiction,131634
29,878,Science Fiction,286217
30,18,Drama,286217
31,12,Adventure,286217
32,18,Drama,216015
33,10749,Romance,216015
34,53,Thriller,216015
35,10749,Romance,150689
36,14,Fantasy,150689
37,10751,Family,150689
38,18,Drama,150689
39,37,Western,281957
40,18,Drama,281957
41,12,Adventure,281957
42,878,Science Fiction,102899
43,12,Adventure,102899
44,28,Action,102899
45,28,Action,254128
46,18,Drama,254128
47,53,Thriller,254128
48,16,Animation,159824
49,35,Comedy,159824
50,10751,Family,159824
51,14,Fantasy,159824
52,878,Science Fiction,87101
53,28,Action,87101
54,53,Thriller,87101
55,80,Crime,207703
56,35,Comedy,207703
57,28,Action,207703
58,12,Adventure,207703
59,35,Comedy,334298
60,14,Fantasy,334298
61,12,Adventure,334298
62,28,Action,76341
63,12,Adventure,76341
64,878,Science Fiction,76341
65,14,Fantasy,228161
66,35,Comedy,228161
67,16,Animation,228161
68,878,Science Fiction,228161
69,10751,Family,228161
70,12,Adventure,105864
71,16,Animation,105864
72,10751,Family,105864
73,12,Adventure,228165
74,16,Animation,228165
75,35,Comedy,228165
76,10751,Family,228165
77,14,Fantasy,228165
78,878,Science Fiction,294254
79,28,Action,294254
80,53,Thriller,294254
81,12,Adventure,294254
82,28,Action,262500
83,878,Science Fiction,262500
84,53,Thriller,262500
85,35,Comedy,254470
86,10402,Music,254470
87,28,Action,299824
88,12,Adventure,299824
89,14,Fantasy,299824
90,18,Drama,299824
91,27,Horror,299824
92,9648,Mystery,299824
93,53,Thriller,299824
94,16,Animation,227973
95,35,Comedy,227973
96,10751,Family,227973
97,28,Action,257344
98,35,Comedy,257344
99,878,Science Fiction,257344
100,35,Comedy,274167
101,28,Action,238713
102,35,Comedy,238713
103,80,Crime,238713
104,10751,Family,258509
105,35,Comedy,258509
106,10402,Music,258509
107,12,Adventure,258509
108,16,Animation,258509
109,10749,Romance,362682
110,35,Comedy,362682
111,35,Comedy,214756
112,14,Fantasy,214756
113,12,Adventure,158852
114,10751,Family,158852
115,9648,Mystery,158852
116,878,Science Fiction,158852
117,12,Adventure,253412
118,18,Drama,253412
119,36,History,253412
120,18,Drama,277216
121,10402,Music,277216
122,36,History,277216
123,35,Comedy,257211
124,878,Science Fiction,76757
125,14,Fantasy,76757
126,28,Action,76757
127,18,Drama,312221
128,28,Action,166424
129,12,Adventure,166424
130,878,Science Fiction,166424
131,53,Thriller,296098
132,18,Drama,296098
133,12,Adventure,257445
134,27,Horror,257445
135,35,Comedy,257445
136,28,Action,365222
137,18,Drama,365222
138,36,History,365222
139,18,Drama,273248
140,9648,Mystery,273248
141,37,Western,273248
142,10749,Romance,256591
143,35,Comedy,256591
144,80,Crime,256591
145,14,Fantasy,351694
146,16,Animation,351694
147,35,Comedy,351694
148,35,Comedy,348892
149,18,Drama,348892
150,12,Adventure,348892
151,28,Action,274854
152,12,Adventure,274854
153,14,Fantasy,274854
154,35,Comedy,271718
155,10749,Romance,271718
156,80,Crime,357940
157,28,Action,357940
158,18,Drama,357940
159,28,Action,257088
160,12,Adventure,257088
161,80,Crime,257088
162,53,Thriller,257088
163,35,Comedy,318846
164,18,Drama,318846
165,14,Fantasy,266647
166,12,Adventure,266647
167,10751,Family,266647
168,28,Action,266647
169,35,Comedy,373200
170,9648,Mystery,373200
171,28,Action,373200
172,12,Adventure,373200
173,12,Adventure,309302
174,18,Drama,309302
175,12,Adventure,300168
176,36,History,300168
177,28,Action,300168
178,14,Fantasy,300168
179,27,Horror,280092
180,53,Thriller,280092
181,35,Comedy,264999
182,18,Drama,264999
183,35,Comedy,257091
184,35,Comedy,203801
185,28,Action,203801
186,12,Adventure,203801
187,28,Action,256961
188,35,Comedy,256961
189,10751,Family,256961
190,12,Adventure,364324
191,28,Action,364324
192,53,Thriller,364324
193,10751,Family,263109
194,16,Animation,263109
195,35,Comedy,263109
196,12,Adventure,263109
197,35,Comedy,266294
198,35,Comedy,296099
199,12,Adventure,296099
200,80,Crime,198184
201,28,Action,198184
202,878,Science Fiction,198184
203,12,Adventure,309809
204,16,Animation,309809
205,14,Fantasy,309809
206,10751,Family,309809
207,18,Drama,274479
208,18,Drama,261023
209,80,Crime,261023
210,36,History,261023
211,18,Drama,314365
212,36,History,314365
213,27,Horror,298312
214,53,Thriller,298312
215,28,Action,291549
216,53,Thriller,291549
217,18,Drama,291549
218,36,History,291549
219,27,Horror,243688
220,53,Thriller,205775
221,18,Drama,205775
222,12,Adventure,205775
223,28,Action,205775
224,36,History,205775
225,10751,Family,412869
226,16,Animation,412869
227,12,Adventure,412869
228,35,Comedy,412869
229,14,Fantasy,412869
230,28,Action,307081
231,18,Drama,307081
232,28,Action,256040
233,18,Drama,256040
234,28,Action,335462
235,10752,War,335462
236,28,Action,346646
237,80,Crime,346646
238,35,Comedy,346646
239,53,Thriller,346646
240,18,Drama,268238
241,35,Comedy,268238
242,9648,Mystery,286565
243,18,Drama,286565
244,10749,Romance,286565
245,28,Action,273481
246,80,Crime,273481
247,53,Thriller,273481
248,35,Comedy,329263
249,18,Drama,281743
250,10749,Romance,281743
251,10749,Romance,354072
252,35,Comedy,354072
253,28,Action,249070
254,80,Crime,249070
255,53,Thriller,249070
256,35,Comedy,252838
257,27,Horror,146301
258,53,Thriller,146301
259,10749,Romance,361759
260,12,Adventure,361759
261,35,Comedy,361759
262,10402,Music,361759
263,27,Horror,201085
264,9648,Mystery,201085
265,10749,Romance,201085
266,18,Drama,201085
267,18,Drama,323272
268,28,Action,287948
269,53,Thriller,287948
270,80,Crime,287948
271,28,Action,241554
272,80,Crime,241554
273,53,Thriller,241554
274,10749,Romance,362136
275,18,Drama,362136
276,10749,Romance,293863
277,14,Fantasy,293863
278,18,Drama,293863
279,35,Comedy,243938
280,28,Action,345235
281,18,Drama,306819
282,27,Horror,243940
283,878,Science Fiction,243940
284,53,Thriller,243940
285,12,Adventure,271110
286,28,Action,271110
287,878,Science Fiction,271110
288,28,Action,330459
289,12,Adventure,330459
290,878,Science Fiction,330459
291,12,Adventure,127380
292,16,Animation,127380
293,10751,Family,127380
294,16,Animation,269149
295,12,Adventure,269149
296,10751,Family,269149
297,35,Comedy,269149
298,12,Adventure,278927
299,10751,Family,278927
300,14,Fantasy,278927
301,16,Animation,328111
302,35,Comedy,328111
303,10751,Family,328111
304,12,Adventure,328111
305,28,Action,209112
306,12,Adventure,209112
307,14,Fantasy,209112
308,14,Fantasy,259316
309,12,Adventure,259316
310,28,Action,293660
311,12,Adventure,293660
312,35,Comedy,293660
313,28,Action,297761
314,12,Adventure,297761
315,14,Fantasy,297761
316,12,Adventure,277834
317,35,Comedy,277834
318,10751,Family,277834
319,16,Animation,277834
320,14,Fantasy,284052
321,12,Adventure,284052
322,28,Action,284052
323,16,Animation,335797
324,35,Comedy,335797
325,10751,Family,335797
326,10402,Music,335797
327,35,Comedy,381890
328,14,Fantasy,381890
329,10749,Romance,381890
330,878,Science Fiction,246655
331,14,Fantasy,246655
332,28,Action,246655
333,16,Animation,140300
334,28,Action,140300
335,12,Adventure,140300
336,35,Comedy,140300
337,10751,Family,140300
338,35,Comedy,313369
339,18,Drama,313369
340,10749,Romance,313369
341,28,Action,68735
342,12,Adventure,68735
343,14,Fantasy,68735
344,28,Action,324668
345,12,Adventure,324668
346,53,Thriller,324668
347,12,Adventure,278154
348,16,Animation,278154
349,10751,Family,278154
350,35,Comedy,278154
351,878,Science Fiction,278154
352,16,Animation,372058
353,10749,Romance,372058
354,18,Drama,372058
355,28,Action,47933
356,12,Adventure,47933
357,878,Science Fiction,47933
358,14,Fantasy,258489
359,28,Action,258489
360,12,Adventure,258489
361,16,Animation,153518
362,12,Adventure,153518
363,35,Comedy,153518
364,10751,Family,153518
365,12,Adventure,136799
366,16,Animation,136799
367,35,Comedy,136799
368,10751,Family,136799
369,14,Fantasy,136799
370,28,Action,188927
371,12,Adventure,188927
372,878,Science Fiction,188927
373,80,Crime,291805
374,53,Thriller,291805
375,28,Action,311324
376,12,Adventure,311324
377,14,Fantasy,311324
378,27,Horror,259693
379,28,Action,173897
380,27,Horror,173897
381,878,Science Fiction,173897
382,18,Drama,360814
383,10751,Family,360814
384,35,Comedy,360814
385,18,Drama,274870
386,10749,Romance,274870
387,878,Science Fiction,274870
388,12,Adventure,241259
389,10751,Family,241259
390,14,Fantasy,241259
391,12,Adventure,283366
392,14,Fantasy,283366
393,28,Action,308531
394,12,Adventure,308531
395,35,Comedy,308531
396,10751,Family,308531
397,878,Science Fiction,308531
398,18,Drama,363676
399,36,History,363676
400,28,Action,121856
401,12,Adventure,121856
402,878,Science Fiction,121856
403,18,Drama,381284
404,36,History,381284
405,28,Action,43074
406,14,Fantasy,43074
407,35,Comedy,43074
408,9648,Mystery,207932
409,53,Thriller,207932
410,28,Action,207932
411,28,Action,302699
412,35,Comedy,302699
413,18,Drama,95610
414,35,Comedy,95610
415,10749,Romance,95610
416,18,Drama,296096
417,10749,Romance,296096
418,28,Action,267860
419,53,Thriller,267860
420,18,Drama,329865
421,878,Science Fiction,329865
422,9648,Mystery,329865
423,12,Adventure,267935
424,10751,Family,267935
425,14,Fantasy,267935
426,28,Action,381902
427,12,Adventure,381902
428,14,Fantasy,381902
429,10751,Family,372399
430,35,Comedy,372399
431,10749,Romance,372399
432,18,Drama,372399
433,35,Comedy,387949
434,35,Comedy,376659
435,12,Adventure,332210
436,16,Animation,332210
437,35,Comedy,332210
438,10751,Family,332210
439,12,Adventure,262504
440,878,Science Fiction,262504
441,28,Action,262504
442,9648,Mystery,262504
443,18,Drama,324786
444,36,History,324786
445,10752,War,324786
446,80,Crime,346685
447,9648,Mystery,346685
448,53,Thriller,346685
449,28,Action,415214
450,12,Adventure,415214
451,80,Crime,415214
452,10752,War,415214
453,28,Action,290595
454,12,Adventure,290595
455,18,Drama,290595
456,12,Adventure,333484
457,28,Action,333484
458,37,Western,333484
459,28,Action,343611
460,53,Thriller,343611
461,18,Drama,343611
462,80,Crime,343611
463,27,Horror,300669
464,53,Thriller,300669
465,80,Crime,300669
466,80,Crime,302946
467,53,Thriller,302946
468,18,Drama,302946
469,28,Action,205584
470,12,Adventure,205584
471,14,Fantasy,205584
472,27,Horror,345911
473,12,Adventure,294272
474,10751,Family,294272
475,14,Fantasy,294272
476,12,Adventure,223702
477,16,Animation,223702
478,35,Comedy,223702
479,14,Fantasy,223702
480,18,Drama,334543
481,28,Action,270774
482,12,Adventure,270774
483,80,Crime,270774
484,35,Comedy,270774
485,28,Action,278924
486,80,Crime,278924
487,53,Thriller,278924
488,12,Adventure,278924
489,28,Action,323675
490,35,Comedy,323675
491,18,Drama,296524
492,28,Action,296524
493,28,Action,369885
494,18,Drama,369885
495,10752,War,369885
496,10749,Romance,369885
497,53,Thriller,369885
498,27,Horror,332567
499,18,Drama,332567
500,53,Thriller,332567
501,28,Action,316727
502,27,Horror,316727
503,53,Thriller,316727
504,35,Comedy,356305
505,35,Comedy,384682
506,35,Comedy,259694
507,10749,Romance,259694
508,53,Thriller,333371
509,878,Science Fiction,333371
510,18,Drama,333371
511,27,Horror,333371
512,878,Science Fiction,299687
513,12,Adventure,299687
514,28,Action,299687
515,16,Animation,342473
516,12,Adventure,342473
517,10751,Family,342473
518,35,Comedy,325133
519,28,Action,402331
520,53,Thriller,402331
521,28,Action,416249
522,53,Thriller,416249
523,80,Crime,416249
524,28,Action,377447
525,12,Adventure,377447
526,35,Comedy,377447
527,10751,Family,377447
528,10752,War,377447
529,18,Drama,376812
530,28,Action,376812
531,10749,Romance,376812
532,35,Comedy,291870
533,28,Action,271969
534,36,History,271969
535,12,Adventure,271969
536,18,Drama,271969
537,53,Thriller,303858
538,18,Drama,303858
539,35,Comedy,302688
540,10749,Romance,302688
541,28,Action,411268
542,80,Crime,411268
543,18,Drama,411268
544,18,Drama,345920
545,10749,Romance,345920
546,28,Action,396535
547,27,Horror,396535
548,53,Thriller,396535
549,35,Comedy,308266
550,80,Crime,308266
551,18,Drama,308266
552,9648,Mystery,328387
553,12,Adventure,328387
554,80,Crime,328387
555,16,Animation,271706
556,12,Adventure,271706
557,14,Fantasy,271706
558,27,Horror,335796
559,14,Fantasy,346672
560,28,Action,346672
561,53,Thriller,346672
562,878,Science Fiction,346672
563,27,Horror,346672
564,18,Drama,334541
565,35,Comedy,323676
566,28,Action,315011
567,878,Science Fiction,315011
568,27,Horror,315011
569,35,Comedy,316023
570,16,Animation,313297
571,12,Adventure,313297
572,10751,Family,313297
573,12,Adventure,181808
574,28,Action,181808
575,878,Science Fiction,181808
576,10751,Family,321612
577,14,Fantasy,321612
578,10749,Romance,321612
579,28,Action,337339
580,80,Crime,337339
581,53,Thriller,337339
582,28,Action,324852
583,16,Animation,324852
584,35,Comedy,324852
585,10751,Family,324852
586,12,Adventure,324852
587,12,Adventure,353486
588,35,Comedy,353486
589,14,Fantasy,353486
590,28,Action,353486
591,28,Action,315635
592,12,Adventure,315635
593,878,Science Fiction,315635
594,10752,War,452557
595,28,Action,452557
596,878,Science Fiction,283995
597,12,Adventure,283995
598,28,Action,283995
599,28,Action,284053
600,878,Science Fiction,284053
601,35,Comedy,284053
602,28,Action,297762
603,12,Adventure,297762
604,14,Fantasy,297762
605,10751,Family,354912
606,16,Animation,354912
607,10402,Music,354912
608,12,Adventure,354912
609,12,Adventure,166426
610,28,Action,166426
611,14,Fantasy,166426
612,27,Horror,346364
613,53,Thriller,346364
614,18,Drama,346364
615,28,Action,141052
616,12,Adventure,141052
617,878,Science Fiction,141052
618,28,Action,263115
619,18,Drama,263115
620,878,Science Fiction,263115
621,28,Action,335988
622,12,Adventure,335988
623,878,Science Fiction,335988
624,28,Action,293167
625,12,Adventure,293167
626,14,Fantasy,293167
627,10752,War,374720
628,28,Action,374720
629,18,Drama,374720
630,16,Animation,295693
631,35,Comedy,295693
632,10751,Family,295693
633,18,Drama,281338
634,878,Science Fiction,281338
635,10752,War,281338
636,18,Drama,316029
637,28,Action,343668
638,12,Adventure,343668
639,35,Comedy,343668
640,80,Crime,343668
641,878,Science Fiction,343668
642,14,Fantasy,282035
643,53,Thriller,282035
644,28,Action,282035
645,12,Adventure,282035
646,27,Horror,282035
647,16,Animation,260514
648,18,Drama,260514
649,10751,Family,260514
650,18,Drama,341174
651,10749,Romance,341174
652,9648,Mystery,392044
653,18,Drama,392044
654,80,Crime,392044
655,28,Action,47971
656,12,Adventure,47971
657,80,Crime,47971
658,35,Comedy,479306
659,14,Fantasy,479306
660,10751,Family,406997
661,18,Drama,406997
662,16,Animation,324849
663,28,Action,324849
664,35,Comedy,324849
665,10751,Family,324849
666,27,Horror,396422
667,16,Animation,364689
668,10751,Family,364689
669,12,Adventure,364689
670,35,Comedy,364689
671,12,Adventure,346648
672,35,Comedy,346648
673,10751,Family,346648
674,28,Action,350312
675,12,Adventure,350312
676,14,Fantasy,350312
677,27,Horror,381288
678,53,Thriller,381288
679,878,Science Fiction,335984
680,18,Drama,335984
681,9648,Mystery,419430
682,53,Thriller,419430
683,27,Horror,419430
684,35,Comedy,383785
685,9648,Mystery,383785
686,10751,Family,383785
687,28,Action,383785
688,12,Adventure,383785
689,12,Adventure,435800
690,14,Fantasy,435800
691,28,Action,435800
692,27,Horror,126889
693,878,Science Fiction,126889
694,28,Action,339403
695,80,Crime,339403
696,12,Adventure,339964
697,878,Science Fiction,339964
698,28,Action,339964
699,18,Drama,457251
700,36,History,457251
701,10752,War,457251
702,28,Action,274855
703,878,Science Fiction,274855
704,53,Thriller,274855
705,16,Animation,378236
706,10751,Family,378236
707,35,Comedy,378236
708,12,Adventure,381289
709,14,Fantasy,381289
710,10751,Family,381289
711,18,Drama,381289
712,10751,Family,137116
713,35,Comedy,137116
714,12,Adventure,137116
715,16,Animation,137116
716,18,Drama,399055
717,14,Fantasy,399055
718,10749,Romance,399055
719,10402,Music,353616
720,35,Comedy,353616
721,35,Comedy,419680
722,18,Drama,446354
723,36,History,446354
724,35,Comedy,339846
725,28,Action,339846
726,80,Crime,339846
727,28,Action,390043
728,35,Comedy,390043
729,80,Crime,390043
730,53,Thriller,390043
731,28,Action,324552
732,53,Thriller,324552
733,80,Crime,324552
734,878,Science Fiction,315837
735,18,Drama,315837
736,28,Action,315837
737,80,Crime,359940
738,18,Drama,359940
739,18,Drama,513335
740,35,Comedy,513335
741,14,Fantasy,513335
742,18,Drama,399404
743,36,History,399404
744,28,Action,274857
745,18,Drama,274857
746,14,Fantasy,274857
747,28,Action,379149
748,53,Thriller,379149
749,80,Crime,379149
750,28,Action,305470
751,12,Adventure,305470
752,878,Science Fiction,305470
753,35,Comedy,417870
754,10749,Romance,417870
755,12,Adventure,417870
756,18,Drama,441889
757,10402,Music,441889
758,35,Comedy,337170
759,80,Crime,337170
760,18,Drama,337170
761,35,Comedy,431530
762,28,Action,397567
763,12,Adventure,397567
764,18,Drama,397567
765,14,Fantasy,397567
766,53,Thriller,397567
767,35,Comedy,440021
768,27,Horror,440021
769,9648,Mystery,440021
770,10751,Family,268531
771,35,Comedy,268531
772,16,Animation,268531
773,878,Science Fiction,268531
774,28,Action,268531
775,28,Action,274862
776,12,Adventure,274862
777,16,Animation,274862
778,35,Comedy,274862
779,10751,Family,274862
780,14,Fantasy,353491
781,28,Action,353491
782,878,Science Fiction,353491
783,27,Horror,298250
784,9648,Mystery,298250
785,14,Fantasy,452910
786,28,Action,452910
787,12,Adventure,452910
788,10751,Family,452910
789,27,Horror,395992
790,878,Science Fiction,395992
791,9648,Mystery,395992
792,28,Action,341013
793,53,Thriller,341013
794,18,Drama,345938
795,10751,Family,345938
796,18,Drama,496230
797,10749,Romance,496230
798,53,Thriller,496230
799,28,Action,449927
800,80,Crime,449927
801,53,Thriller,449927
802,28,Action,441909
803,12,Adventure,441909
804,53,Thriller,441909
805,80,Crime,353070
806,35,Comedy,353070
807,27,Horror,14564
808,18,Drama,437068
809,36,History,437068
810,35,Comedy,479794
811,18,Drama,479794
812,18,Drama,391713
813,35,Comedy,391713
814,16,Animation,462927
815,14,Fantasy,462927
816,10751,Family,462927
817,28,Action,462927
818,16,Animation,335777
819,10751,Family,335777
820,12,Adventure,335777
821,35,Comedy,335777
822,28,Action,415842
823,12,Adventure,415842
824,53,Thriller,415842
825,18,Drama,423899
826,36,History,423899
827,35,Comedy,437670
828,16,Animation,438058
829,80,Crime,438058
830,9648,Mystery,438058
831,28,Action,438058
832,18,Drama,290512
833,12,Adventure,290512
834,10749,Romance,290512
835,27,Horror,403119
836,53,Thriller,403119
837,18,Drama,417678
838,10749,Romance,417678
839,10751,Family,335360
840,16,Animation,335360
841,12,Adventure,335360
842,14,Fantasy,335360
843,16,Animation,462677
844,12,Adventure,462677
845,14,Fantasy,462677
846,10751,Family,462677
847,878,Science Fiction,462677
848,35,Comedy,462677
849,28,Action,373569
850,35,Comedy,373569
851,18,Drama,396371
852,80,Crime,396371
853,27,Horror,1325448
854,80,Crime,446791
855,36,History,446791
856,53,Thriller,446791
857,18,Drama,446791
858,35,Comedy,416477
859,18,Drama,416477
860,10749,Romance,416477
861,28,Action,434119
862,18,Drama,434119
863,12,Adventure,299536
864,28,Action,299536
865,878,Science Fiction,299536
866,28,Action,284054
867,12,Adventure,284054
868,878,Science Fiction,284054
869,12,Adventure,351286
870,878,Science Fiction,351286
871,53,Thriller,351286
872,28,Action,260513
873,12,Adventure,260513
874,16,Animation,260513
875,10751,Family,260513
876,28,Action,297802
877,12,Adventure,297802
878,14,Fantasy,297802
879,10402,Music,424694
880,18,Drama,424694
881,878,Science Fiction,335983
882,28,Action,335983
883,28,Action,353081
884,12,Adventure,353081
885,28,Action,383498
886,35,Comedy,383498
887,12,Adventure,383498
888,14,Fantasy,338952
889,12,Adventure,338952
890,28,Action,363088
891,12,Adventure,363088
892,878,Science Fiction,363088
893,12,Adventure,333339
894,28,Action,333339
895,878,Science Fiction,333339
896,28,Action,460555
897,53,Thriller,460555
898,10752,War,460555
899,12,Adventure,460555
900,16,Animation,360920
901,35,Comedy,360920
902,10751,Family,360920
903,14,Fantasy,360920
904,35,Comedy,505513
905,9648,Mystery,505513
906,28,Action,345940
907,878,Science Fiction,345940
908,27,Horror,345940
909,28,Action,404368
910,12,Adventure,404368
911,16,Animation,404368
912,35,Comedy,404368
913,10751,Family,404368
914,878,Science Fiction,404368
915,16,Animation,400155
916,35,Comedy,400155
917,10751,Family,400155
918,14,Fantasy,400155
919,28,Action,424783
920,12,Adventure,424783
921,878,Science Fiction,424783
922,10402,Music,332562
923,18,Drama,332562
924,10749,Romance,332562
925,28,Action,427641
926,12,Adventure,427641
927,878,Science Fiction,427641
928,35,Comedy,458423
929,10749,Romance,458423
930,16,Animation,324857
931,28,Action,324857
932,12,Adventure,324857
933,878,Science Fiction,324857
934,878,Science Fiction,348350
935,12,Adventure,348350
936,28,Action,348350
937,35,Comedy,538331
938,18,Drama,337167
939,10749,Romance,337167
940,27,Horror,439079
941,12,Adventure,497984
942,35,Comedy,497984
943,14,Fantasy,497984
944,16,Animation,381719
945,12,Adventure,381719
946,10751,Family,381719
947,14,Fantasy,400650
948,10751,Family,400650
949,35,Comedy,400650
950,27,Horror,447332
951,18,Drama,447332
952,878,Science Fiction,447332
953,18,Drama,490132
954,35,Comedy,490132
955,36,History,490132
956,28,Action,447200
957,53,Thriller,447200
958,12,Adventure,447200
959,80,Crime,402900
960,35,Comedy,402900
961,28,Action,402900
962,28,Action,268896
963,14,Fantasy,268896
964,878,Science Fiction,268896
965,12,Adventure,268896
966,878,Science Fiction,336843
967,28,Action,336843
968,12,Adventure,336843
969,53,Thriller,336843
970,28,Action,338970
971,12,Adventure,338970
972,14,Fantasy,338970
973,27,Horror,424139
974,53,Thriller,424139
975,35,Comedy,455207
976,10749,Romance,455207
977,18,Drama,480530
978,28,Action,480530
979,10751,Family,446894
980,35,Comedy,446894
981,12,Adventure,446894
982,16,Animation,446894
983,14,Fantasy,446894
984,18,Drama,508747
985,10749,Romance,508747
986,12,Adventure,420814
987,35,Comedy,420814
988,10751,Family,420814
989,14,Fantasy,420814
990,28,Action,345887
991,53,Thriller,345887
992,80,Crime,345887
993,18,Drama,519255
994,10402,Music,519255
995,10749,Romance,519255
996,53,Thriller,519255
997,80,Crime,504172
998,18,Drama,504172
999,10751,Family,426543
1000,14,Fantasy,426543
1001,12,Adventure,426543
1002,27,Horror,406563
1003,53,Thriller,406563
1004,878,Science Fiction,346910
1005,28,Action,346910
1006,53,Thriller,346910
1007,28,Action,463272
1008,12,Adventure,463272
1009,35,Comedy,463272
1010,53,Thriller,401981
1011,9648,Mystery,401981
1012,28,Action,442249
1013,27,Horror,442249
1014,53,Thriller,442249
1015,12,Adventure,407451
1016,878,Science Fiction,407451
1017,10751,Family,407451
1018,14,Fantasy,407451
1019,35,Comedy,463821
1020,10751,Family,463821
1021,14,Fantasy,463821
1022,27,Horror,463821
1023,9648,Mystery,463821
1024,28,Action,503314
1025,878,Science Fiction,503314
1026,16,Animation,503314
1027,35,Comedy,491418
1028,18,Drama,491418
1029,28,Action,399035
1030,53,Thriller,399035
1031,9648,Mystery,399035
1032,9648,Mystery,445571
1033,35,Comedy,445571
1034,80,Crime,445571
1035,12,Adventure,437543
1036,14,Fantasy,437543
1037,28,Action,437543
1038,10751,Family,437543
1039,28,Action,373449
1040,878,Science Fiction,373449
1041,14,Fantasy,373449
1042,28,Action,518068
1043,12,Adventure,518068
1044,14,Fantasy,518068
1045,53,Thriller,518068
1046,36,History,369972
1047,18,Drama,369972
1048,16,Animation,493006
1049,80,Crime,493006
1050,9648,Mystery,493006
1051,28,Action,493006
1052,12,Adventure,399360
1053,18,Drama,399360
1054,53,Thriller,484247
1055,35,Comedy,484247
1056,9648,Mystery,484247
1057,16,Animation,529426
1058,35,Comedy,529426
1059,12,Adventure,529426
1060,878,Science Fiction,529426
1061,36,History,375262
1062,35,Comedy,375262
1063,18,Drama,375262
1064,53,Thriller,460019
1065,27,Horror,460019
1066,35,Comedy,460668
1067,10749,Romance,460668
1068,35,Comedy,437557
1069,80,Crime,487558
1070,35,Comedy,487558
1071,18,Drama,487558
1072,36,History,487558
1073,35,Comedy,442062
1074,14,Fantasy,442062
1075,27,Horror,442062
1076,10751,Family,442062
1077,28,Action,543094
1078,12,Adventure,543094
1079,878,Science Fiction,543094
1080,18,Drama,543094
1081,28,Action,463319
1082,10752,War,463319
1083,10749,Romance,454619
1084,35,Comedy,454619
1085,16,Animation,370567
1086,10751,Family,370567
1087,35,Comedy,370567
1088,12,Adventure,370567
1089,9648,Mystery,370567
1090,27,Horror,493922
1091,9648,Mystery,493922
1092,53,Thriller,493922
1093,12,Adventure,375588
1094,28,Action,375588
1095,53,Thriller,375588
1096,14,Fantasy,375588
1097,10402,Music,470878
1098,18,Drama,470878
1099,28,Action,506763
1100,14,Fantasy,506763
1101,12,Adventure,506763
1102,9648,Mystery,506763
1103,12,Adventure,428078
1104,878,Science Fiction,428078
1105,18,Drama,432527
1106,36,History,432527
1107,10749,Romance,432527
1108,16,Animation,495925
1109,12,Adventure,495925
1110,14,Fantasy,495925
1111,878,Science Fiction,495925
1112,35,Comedy,495925
1113,10751,Family,495925
1114,80,Crime,449443
1115,53,Thriller,449443
1116,28,Action,449443
1117,28,Action,497333
1118,12,Adventure,497333
1119,18,Drama,497333
1120,10749,Romance,502682
1121,35,Comedy,502682
1122,18,Drama,502682
1123,18,Drama,429197
1124,35,Comedy,429197
1125,35,Comedy,541781
1126,14,Fantasy,541781
1127,12,Adventure,541781
1128,18,Drama,401469
1129,80,Crime,401469
1130,53,Thriller,401469
1131,28,Action,400535
1132,80,Crime,400535
1133,53,Thriller,400535
1134,18,Drama,489999
1135,9648,Mystery,489999
1136,53,Thriller,489999
1137,35,Comedy,455980
1138,28,Action,455980
1139,10751,Family,527729
1140,16,Animation,527729
1141,35,Comedy,527729
1142,12,Adventure,527729
1143,12,Adventure,399174
1144,35,Comedy,399174
1145,16,Animation,399174
1146,10749,Romance,503616
1147,35,Comedy,503616
1148,18,Drama,518764
1149,28,Action,518764
1150,12,Adventure,518764
1151,53,Thriller,518764
1152,10752,War,429351
1153,18,Drama,429351
1154,28,Action,429351
1155,36,History,429351
1156,18,Drama,496328
1157,35,Comedy,449176
1158,18,Drama,449176
1159,10749,Romance,449176
1160,28,Action,347375
1161,53,Thriller,347375
1162,12,Adventure,299534
1163,878,Science Fiction,299534
1164,28,Action,299534
1165,12,Adventure,420818
1166,18,Drama,420818
1167,10751,Family,420818
1168,16,Animation,420818
1169,10751,Family,330457
1170,16,Animation,330457
1171,12,Adventure,330457
1172,35,Comedy,330457
1173,14,Fantasy,330457
1174,28,Action,429617
1175,12,Adventure,429617
1176,878,Science Fiction,429617
1177,28,Action,299537
1178,12,Adventure,299537
1179,878,Science Fiction,299537
1180,80,Crime,475557
1181,53,Thriller,475557
1182,18,Drama,475557
1183,12,Adventure,181812
1184,28,Action,181812
1185,878,Science Fiction,181812
1186,10751,Family,301528
1187,35,Comedy,301528
1188,16,Animation,301528
1189,12,Adventure,301528
1190,12,Adventure,420817
1191,14,Fantasy,420817
1192,10749,Romance,420817
1193,10751,Family,420817
1194,12,Adventure,512200
1195,35,Comedy,512200
1196,14,Fantasy,512200
1197,28,Action,384018
1198,12,Adventure,384018
1199,35,Comedy,384018
1200,16,Animation,615453
1201,14,Fantasy,615453
1202,12,Adventure,615453
1203,16,Animation,166428
1204,10751,Family,166428
1205,12,Adventure,166428
1206,10751,Family,420809
1207,14,Fantasy,420809
1208,12,Adventure,420809
1209,27,Horror,474350
1210,53,Thriller,474350
1211,18,Drama,474350
1212,18,Drama,612845
1213,36,History,612845
1214,28,Action,447404
1215,12,Adventure,447404
1216,14,Fantasy,447404
1217,10752,War,530915
1218,18,Drama,530915
1219,36,History,530915
1220,16,Animation,412117
1221,35,Comedy,412117
1222,10751,Family,412117
1223,12,Adventure,412117
1224,28,Action,399579
1225,878,Science Fiction,399579
1226,12,Adventure,399579
1227,35,Comedy,466272
1228,18,Drama,466272
1229,53,Thriller,466272
1230,878,Science Fiction,373571
1231,28,Action,373571
1232,28,Action,287947
1233,35,Comedy,287947
1234,14,Fantasy,287947
1235,10751,Family,329996
1236,14,Fantasy,329996
1237,12,Adventure,329996
1238,18,Drama,331482
1239,10749,Romance,331482
1240,28,Action,458156
1241,53,Thriller,458156
1242,80,Crime,458156
1243,35,Comedy,546554
1244,80,Crime,546554
1245,9648,Mystery,546554
1246,878,Science Fiction,290859
1247,28,Action,290859
1248,12,Adventure,290859
1249,53,Thriller,290859
1250,35,Comedy,496243
1251,53,Thriller,496243
1252,18,Drama,496243
1253,27,Horror,458723
1254,9648,Mystery,458723
1255,35,Comedy,575219
1256,28,Action,575219
1257,35,Comedy,479455
1258,878,Science Fiction,479455
1259,28,Action,479455
1260,12,Adventure,479455
1261,878,Science Fiction,320288
1262,28,Action,320288
1263,12,Adventure,320288
1264,53,Thriller,450465
1265,18,Drama,450465
1266,878,Science Fiction,450465
1267,18,Drama,605375
1268,28,Action,605375
1269,28,Action,449924
1270,36,History,449924
1271,18,Drama,449924
1272,27,Horror,521029
1273,18,Drama,575813
1274,80,Crime,575813
1275,10749,Romance,575813
1276,18,Drama,359724
1277,36,History,359724
1278,28,Action,359724
1279,10751,Family,481084
1280,16,Animation,481084
1281,35,Comedy,481084
1282,14,Fantasy,481084
1283,28,Action,280217
1284,12,Adventure,280217
1285,16,Animation,280217
1286,35,Comedy,280217
1287,10751,Family,280217
1288,18,Drama,535544
1289,10749,Romance,535544
1290,36,History,535544
1291,16,Animation,568160
1292,18,Drama,568160
1293,14,Fantasy,568160
1294,10749,Romance,568160
1295,10751,Family,431580
1296,16,Animation,431580
1297,12,Adventure,431580
1298,35,Comedy,431580
1299,14,Fantasy,431580
1300,878,Science Fiction,453405
1301,28,Action,453405
1302,12,Adventure,453405
1303,53,Thriller,453405
1304,18,Drama,453405
1305,16,Animation,431693
1306,28,Action,431693
1307,12,Adventure,431693
1308,35,Comedy,431693
1309,10751,Family,431693
1310,10402,Music,504608
1311,18,Drama,504608
1312,18,Drama,540901
1313,35,Comedy,540901
1314,80,Crime,540901
1315,27,Horror,522681
1316,9648,Mystery,522681
1317,53,Thriller,522681
1318,35,Comedy,515195
1319,14,Fantasy,515195
1320,10402,Music,515195
1321,10749,Romance,515195
1322,28,Action,423204
1323,53,Thriller,423204
1324,16,Animation,454640
1325,12,Adventure,454640
1326,35,Comedy,454640
1327,10751,Family,454640
1328,28,Action,454640
1329,878,Science Fiction,419704
1330,18,Drama,419704
1331,10752,War,522162
1332,36,History,522162
1333,18,Drama,522162
1334,35,Comedy,440472
1335,18,Drama,440472
1336,28,Action,567646
1337,35,Comedy,567646
1338,80,Crime,567646
1339,27,Horror,480414
1340,27,Horror,338967
1341,35,Comedy,338967
1342,35,Comedy,549053
1343,18,Drama,549053
1344,10749,Romance,549053
1345,10751,Family,499701
1346,35,Comedy,499701
1347,12,Adventure,499701
1348,35,Comedy,400157
1349,16,Animation,400157
1350,12,Adventure,400157
1351,10751,Family,400157
1352,14,Fantasy,400157
1353,16,Animation,566555
1354,9648,Mystery,566555
1355,80,Crime,566555
1356,28,Action,566555
1357,12,Adventure,566555
1358,27,Horror,157433
1359,16,Animation,581218
1360,10751,Family,581218
1361,12,Adventure,581218
1362,14,Fantasy,581218
1363,35,Comedy,521777
1364,35,Comedy,575138
1365,27,Horror,417384
1366,9648,Mystery,417384
1367,35,Comedy,449562
1368,80,Crime,449562
1369,53,Thriller,449985
1370,28,Action,449985
1371,10749,Romance,527641
1372,18,Drama,527641
1373,27,Horror,511987
1374,53,Thriller,511987
1375,28,Action,522938
1376,53,Thriller,522938
1377,18,Drama,522938
1378,80,Crime,534490
1379,28,Action,534490
1380,53,Thriller,534490
1381,35,Comedy,505436
1382,35,Comedy,515001
1383,10752,War,515001
1384,18,Drama,515001
1385,16,Animation,568012
1386,28,Action,568012
1387,12,Adventure,568012
1388,14,Fantasy,568012
1389,10751,Family,522518
1390,12,Adventure,522518
1391,18,Drama,522518
1392,14,Fantasy,536869
1393,35,Comedy,536869
1394,18,Drama,536869
1395,80,Crime,438650
1396,28,Action,438650
1397,18,Drama,438650
1398,35,Comedy,464504
1399,28,Action,458897
1400,12,Adventure,458897
1401,35,Comedy,458897
1402,27,Horror,501170
1403,14,Fantasy,501170
1404,35,Comedy,487297
1405,10749,Romance,487297
1406,28,Action,572164
1407,35,Comedy,572164
1408,18,Drama,537915
1409,10749,Romance,537915
1410,10751,Family,554241
1411,35,Comedy,554241
1412,36,History,501907
1413,10751,Family,501907
1414,18,Drama,501907
1415,28,Action,585268
1416,53,Thriller,585268
1417,12,Adventure,585268
1418,16,Animation,575222
1419,12,Adventure,575222
1420,35,Comedy,575222
1421,878,Science Fiction,575222
1422,14,Fantasy,575222
1423,10751,Family,575222
1424,35,Comedy,512196
1425,27,Horror,512196
1426,878,Science Fiction,512196
1427,10749,Romance,573699
1428,16,Animation,573699
1429,14,Fantasy,573699
1430,18,Drama,525661
1431,28,Action,581387
1432,12,Adventure,581387
1433,53,Thriller,581387
1434,27,Horror,502416
1435,53,Thriller,502416
1436,27,Horror,567609
1437,35,Comedy,567609
1438,28,Action,574894
1439,80,Crime,574894
1440,53,Thriller,574894
1441,18,Drama,577328
1442,10749,Romance,577328
1443,14,Fantasy,456740
1444,27,Horror,456740
1445,28,Action,456740
1446,12,Adventure,456740
1447,28,Action,454292
1448,12,Adventure,454292
1449,53,Thriller,454292
1450,80,Crime,586863
1451,18,Drama,586863
1452,53,Thriller,586863
1453,16,Animation,635302
1454,28,Action,635302
1455,14,Fantasy,635302
1456,10752,War,508935
1457,36,History,508935
1458,18,Drama,508935
1459,28,Action,508935
1460,10402,Music,715904
1461,53,Thriller,38700
1462,28,Action,38700
1463,80,Crime,38700
1464,28,Action,577922
1465,53,Thriller,577922
1466,878,Science Fiction,577922
1467,28,Action,454626
1468,878,Science Fiction,454626
1469,35,Comedy,454626
1470,10751,Family,454626
1471,10751,Family,448119
1472,35,Comedy,448119
1473,14,Fantasy,448119
1474,12,Adventure,448119
1475,35,Comedy,1198553
1476,18,Drama,1198553
1477,16,Animation,635389
1478,28,Action,635389
1479,14,Fantasy,635389
1480,12,Adventure,635389
1481,28,Action,559974
1482,80,Crime,559974
1483,53,Thriller,559974
1484,18,Drama,716815
1485,16,Animation,529203
1486,10751,Family,529203
1487,12,Adventure,529203
1488,14,Fantasy,529203
1489,35,Comedy,529203
1490,28,Action,495764
1491,80,Crime,495764
1492,28,Action,464052
1493,12,Adventure,464052
1494,14,Fantasy,464052
1495,10752,War,748685
1496,36,History,748685
1497,28,Action,748685
1498,18,Drama,748685
1499,53,Thriller,570670
1500,878,Science Fiction,570670
1501,27,Horror,570670
1502,12,Adventure,508439
1503,16,Animation,508439
1504,35,Comedy,508439
1505,10751,Family,508439
1506,14,Fantasy,508439
1507,16,Animation,508442
1508,10751,Family,508442
1509,18,Drama,508442
1510,10402,Music,508442
1511,14,Fantasy,508442
1512,28,Action,522627
1513,35,Comedy,522627
1514,80,Crime,522627
1515,12,Adventure,481848
1516,10751,Family,481848
1517,18,Drama,481848
1518,35,Comedy,695297
1519,12,Adventure,337401
1520,14,Fantasy,337401
1521,28,Action,337401
1522,37,Western,1029460
1523,28,Action,757860
1524,18,Drama,757860
1525,14,Fantasy,757860
1526,9648,Mystery,757860
1527,878,Science Fiction,757860
1528,53,Thriller,524047
1529,28,Action,524047
1530,878,Science Fiction,524047
1531,35,Comedy,593402
1532,18,Drama,593402
1533,10751,Family,593402
1534,28,Action,604822
1535,12,Adventure,604822
1536,35,Comedy,604822
1537,80,Crime,604822
1538,53,Thriller,604822
1539,12,Adventure,539537
1540,14,Fantasy,539537
1541,27,Horror,539537
1542,9648,Mystery,539537
1543,10751,Family,446893
1544,16,Animation,446893
1545,35,Comedy,446893
1546,14,Fantasy,446893
1547,12,Adventure,446893
1548,10402,Music,446893
1549,878,Science Fiction,340102
1550,27,Horror,340102
1551,28,Action,584850
1552,18,Drama,584850
1553,36,History,584850
1554,18,Drama,613504
1555,10749,Romance,613504
1556,28,Action,607313
1557,35,Comedy,425001
1558,10751,Family,425001
1559,27,Horror,581392
1560,28,Action,581392
1561,53,Thriller,581392
1562,12,Adventure,581392
1563,28,Action,458576
1564,14,Fantasy,458576
1565,12,Adventure,458576
1566,27,Horror,443791
1567,878,Science Fiction,443791
1568,28,Action,443791
1569,12,Adventure,443791
1570,28,Action,338762
1571,878,Science Fiction,338762
1572,12,Adventure,338762
1573,28,Action,625568
1574,53,Thriller,625568
1575,80,Crime,625568
1576,35,Comedy,657350
1577,9648,Mystery,657350
1578,80,Crime,581526
1579,28,Action,581526
1580,18,Drama,581526
1581,16,Animation,682153
1582,12,Adventure,682153
1583,10751,Family,682153
1584,14,Fantasy,682153
1585,878,Science Fiction,682153
1586,35,Comedy,682153
1587,28,Action,628241
1588,35,Comedy,628241
1589,18,Drama,628241
1590,10751,Family,628241
1591,878,Science Fiction,514207
1592,18,Drama,514207
1593,28,Action,514207
1594,53,Thriller,553604
1595,28,Action,553604
1596,80,Crime,553604
1597,35,Comedy,531219
1598,14,Fantasy,531219
1599,10751,Family,531219
1600,27,Horror,531219
1601,16,Animation,385103
1602,35,Comedy,385103
1603,10751,Family,385103
1604,9648,Mystery,385103
1605,14,Fantasy,589754
1606,12,Adventure,589754
1607,35,Comedy,589754
1608,35,Comedy,526019
1609,53,Thriller,522241
1610,36,History,522241
1611,18,Drama,522241
1612,35,Comedy,556678
1613,10749,Romance,556678
1614,18,Drama,556678
1615,14,Fantasy,542224
1616,27,Horror,542224
1617,9648,Mystery,542224
1618,35,Comedy,580175
1619,18,Drama,580175
1620,16,Animation,662708
1621,12,Adventure,662708
1622,10751,Family,662708
1623,14,Fantasy,662708
1624,18,Drama,600354
1625,18,Drama,589049
1626,10749,Romance,589049
1627,53,Thriller,582014
1628,80,Crime,582014
1629,18,Drama,582014
1630,16,Animation,533514
1631,18,Drama,533514
1632,14,Fantasy,533514
1633,10749,Romance,533514
1634,27,Horror,555974
1635,9648,Mystery,555974
1636,53,Thriller,555974
1637,16,Animation,390635
1638,10749,Romance,390635
1639,14,Fantasy,390635
1640,28,Action,390635
1641,18,Drama,390635
1642,27,Horror,492611
1643,53,Thriller,492611
1644,28,Action,594669
1645,12,Adventure,594669
1646,53,Thriller,594669
1647,27,Horror,551804
1648,35,Comedy,551804
1649,28,Action,634521
1650,14,Fantasy,634521
1651,9648,Mystery,634521
1652,12,Adventure,634521
1653,53,Thriller,634521
1654,16,Animation,571265
1655,28,Action,571265
1656,12,Adventure,571265
1657,14,Fantasy,571265
1658,28,Action,1494943
1659,35,Comedy,651881
1660,18,Drama,651881
1661,10402,Music,585244
1662,18,Drama,585244
1663,10749,Romance,585244
1664,35,Comedy,668742
1665,10751,Family,668742
1666,18,Drama,529485
1667,28,Action,614696
1668,27,Horror,614696
1669,878,Science Fiction,614696
1670,27,Horror,571384
1671,9648,Mystery,571384
1672,28,Action,585257
1673,18,Drama,585257
1674,18,Drama,581032
1675,37,Western,581032
1676,12,Adventure,581032
1677,18,Drama,644712
1678,28,Action,514847
1679,53,Thriller,514847
1680,27,Horror,514847
1681,28,Action,606906
1682,53,Thriller,606906
1683,10752,War,606906
1684,27,Horror,635199
1685,9648,Mystery,635199
1686,35,Comedy,665358
1687,53,Thriller,665358
1688,10749,Romance,661043
1689,28,Action,661043
1690,12,Adventure,661043
1691,80,Crime,661043
1692,53,Thriller,661043
1693,35,Comedy,613377
1694,28,Action,613377
1695,16,Animation,731249
1696,35,Comedy,731249
1697,10751,Family,731249
1698,28,Action,731249
1699,12,Adventure,731249
1700,14,Fantasy,731249
1701,16,Animation,587562
1702,12,Adventure,587562
1703,35,Comedy,587562
1704,10751,Family,587562
1705,16,Animation,702525
1706,12,Adventure,702525
1707,10751,Family,702525
1708,18,Drama,575089
1709,35,Comedy,566927
1710,35,Comedy,605193
1711,35,Comedy,653910
1712,10749,Romance,653910
1713,10751,Family,592834
1714,28,Action,592834
1715,35,Comedy,592834
1716,10752,War,972402
1717,18,Drama,972402
1718,36,History,972402
1719,16,Animation,550738
1720,35,Comedy,550738
1721,28,Action,550738
1722,12,Adventure,550738
1723,10751,Family,550738
1724,16,Animation,520946
1725,10751,Family,520946
1726,14,Fantasy,520946
1727,12,Adventure,520946
1728,10751,Family,640344
1729,14,Fantasy,640344
1730,878,Science Fiction,430155
1731,12,Adventure,430155
1732,28,Action,430155
1733,10749,Romance,664413
1734,18,Drama,664413
1735,80,Crime,664413
1736,35,Comedy,599335
1737,28,Action,599335
1738,10751,Family,605735
1739,35,Comedy,605735
1740,99,Documentary,830704
1741,28,Action,634649
1742,12,Adventure,634649
1743,878,Science Fiction,634649
1744,18,Drama,779029
1745,10752,War,779029
1746,18,Drama,758891
1747,35,Comedy,758891
1748,14,Fantasy,758891
1749,28,Action,370172
1750,53,Thriller,370172
1751,12,Adventure,370172
1752,28,Action,385128
1753,12,Adventure,385128
1754,80,Crime,385128
1755,28,Action,602666
1756,35,Comedy,602666
1757,9648,Mystery,602666
1758,878,Science Fiction,580489
1759,28,Action,580489
1760,12,Adventure,580489
1761,28,Action,399566
1762,878,Science Fiction,399566
1763,12,Adventure,399566
1764,28,Action,566525
1765,12,Adventure,566525
1766,14,Fantasy,566525
1767,878,Science Fiction,438631
1768,12,Adventure,438631
1769,16,Animation,438695
1770,35,Comedy,438695
1771,10751,Family,438695
1772,10402,Music,438695
1773,878,Science Fiction,524434
1774,28,Action,524434
1775,12,Adventure,524434
1776,28,Action,497698
1777,12,Adventure,497698
1778,878,Science Fiction,497698
1779,35,Comedy,550988
1780,12,Adventure,550988
1781,878,Science Fiction,550988
1782,878,Science Fiction,520763
1783,53,Thriller,520763
1784,27,Horror,520763
1785,27,Horror,591273
1786,9648,Mystery,591273
1787,16,Animation,568124
1788,35,Comedy,568124
1789,10751,Family,568124
1790,14,Fantasy,568124
1791,35,Comedy,337404
1792,80,Crime,337404
1793,18,Drama,337404
1794,14,Fantasy,451048
1795,35,Comedy,451048
1796,12,Adventure,451048
1797,27,Horror,423108
1798,9648,Mystery,423108
1799,53,Thriller,423108
1800,28,Action,513692
1801,80,Crime,513692
1802,53,Thriller,513692
1803,12,Adventure,513692
1804,9648,Mystery,513692
1805,14,Fantasy,425909
1806,35,Comedy,425909
1807,12,Adventure,425909
1808,16,Animation,810693
1809,28,Action,810693
1810,14,Fantasy,810693
1811,80,Crime,503736
1812,28,Action,503736
1813,27,Horror,503736
1814,18,Drama,848880
1815,18,Drama,639557
1816,28,Action,639557
1817,9648,Mystery,639557
1818,28,Action,436969
1819,35,Comedy,436969
1820,12,Adventure,436969
1821,10751,Family,379686
1822,35,Comedy,379686
1823,12,Adventure,379686
1824,16,Animation,379686
1825,878,Science Fiction,379686
1826,878,Science Fiction,624860
1827,28,Action,624860
1828,12,Adventure,624860
1829,18,Drama,644495
1830,80,Crime,644495
1831,36,History,644495
1832,35,Comedy,522478
1833,10751,Family,522478
1834,12,Adventure,522478
1835,14,Fantasy,611698
1836,28,Action,611698
1837,12,Adventure,611698
1838,18,Drama,611698
1839,16,Animation,459151
1840,35,Comedy,459151
1841,12,Adventure,459151
1842,10751,Family,459151
1843,28,Action,675445
1844,12,Adventure,675445
1845,16,Animation,675445
1846,35,Comedy,675445
1847,10751,Family,675445
1848,35,Comedy,587807
1849,10751,Family,587807
1850,16,Animation,587807
1851,27,Horror,610253
1852,35,Comedy,895435
1853,9648,Mystery,895435
1854,18,Drama,895435
1855,16,Animation,527774
1856,28,Action,527774
1857,12,Adventure,527774
1858,14,Fantasy,527774
1859,10751,Family,527774
1860,28,Action,476669
1861,12,Adventure,476669
1862,53,Thriller,476669
1863,16,Animation,639721
1864,10751,Family,639721
1865,35,Comedy,639721
1866,14,Fantasy,639721
1867,12,Adventure,639721
1868,10751,Family,585245
1869,12,Adventure,585245
1870,35,Comedy,585245
1871,14,Fantasy,585245
1872,10749,Romance,723640
1873,18,Drama,723640
1874,28,Action,729720
1875,35,Comedy,729720
1876,53,Thriller,637649
1877,80,Crime,637649
1878,18,Drama,637649
1879,16,Animation,796039
1880,35,Comedy,796039
1881,878,Science Fiction,796039
1882,12,Adventure,796039
1883,16,Animation,662638
1884,28,Action,662638
1885,80,Crime,662638
1886,9648,Mystery,662638
1887,10749,Romance,662638
1888,53,Thriller,662638
1889,16,Animation,283566
1890,28,Action,283566
1891,878,Science Fiction,283566
1892,18,Drama,283566
1893,53,Thriller,631843
1894,9648,Mystery,631843
1895,27,Horror,631843
1896,16,Animation,795607
1897,14,Fantasy,795607
1898,28,Action,795607
1899,12,Adventure,795607
1900,28,Action,460465
1901,14,Fantasy,460465
1902,12,Adventure,460465
1903,27,Horror,565028
1904,53,Thriller,565028
1905,28,Action,602223
1906,27,Horror,602223
1907,53,Thriller,602223
1908,18,Drama,511809
1909,10749,Romance,511809
1910,80,Crime,511809
1911,28,Action,522931
1912,35,Comedy,522931
1913,80,Crime,522931
1914,53,Thriller,522931
1915,16,Animation,663558
1916,14,Fantasy,663558
1917,28,Action,663558
1918,27,Horror,585216
1919,53,Thriller,585216
1920,9648,Mystery,585216
1921,16,Animation,776305
1922,878,Science Fiction,776305
1923,18,Drama,776305
1924,10402,Music,776305
1925,16,Animation,482321
1926,878,Science Fiction,482321
1927,10751,Family,482321
1928,35,Comedy,482321
1929,28,Action,862855
1930,12,Adventure,862855
1931,18,Drama,862855
1932,28,Action,615457
1933,53,Thriller,615457
1934,28,Action,814785
1935,53,Thriller,814785
1936,53,Thriller,482373
1937,27,Horror,482373
1938,28,Action,811592
1939,53,Thriller,811592
1940,80,Crime,811592
1941,10752,War,811592
1942,16,Animation,508943
1943,10751,Family,508943
1944,14,Fantasy,508943
1945,18,Drama,508943
1946,35,Comedy,508943
1947,18,Drama,777270
1948,36,History,777270
1949,16,Animation,768744
1950,28,Action,768744
1951,12,Adventure,768744
1952,878,Science Fiction,768744
1953,28,Action,796499
1954,80,Crime,796499
1955,35,Comedy,796499
1956,18,Drama,542178
1957,35,Comedy,542178
1958,28,Action,690957
1959,18,Drama,690957
1960,53,Thriller,690957
1961,18,Drama,467909
1962,10749,Romance,467909
1963,12,Adventure,637693
1964,16,Animation,637693
1965,10751,Family,637693
1966,37,Western,637693
1967,28,Action,460458
1968,27,Horror,460458
1969,878,Science Fiction,460458
1970,27,Horror,602734
1971,9648,Mystery,602734
1972,80,Crime,597208
1973,18,Drama,597208
1974,53,Thriller,597208
1975,18,Drama,581734
1976,18,Drama,614917
1977,36,History,614917
1978,28,Action,568620
1979,12,Adventure,568620
1980,35,Comedy,902478
1981,10749,Romance,902478
1982,28,Action,592508
1983,80,Crime,592508
1984,53,Thriller,592508
1985,27,Horror,619778
1986,9648,Mystery,619778
1987,28,Action,602063
1988,12,Adventure,602063
1989,36,History,602063
1990,18,Drama,602063
1991,18,Drama,718032
1992,35,Comedy,718032
1993,10749,Romance,718032
1994,18,Drama,592863
1995,10402,Music,592863
1996,36,History,592863
1997,18,Drama,830938
1998,10749,Romance,830938
1999,27,Horror,632357
2000,9648,Mystery,632357
2001,18,Drama,617653
2002,36,History,617653
2003,53,Thriller,617653
2004,18,Drama,602269
2005,80,Crime,602269
2006,53,Thriller,602269
2007,10752,War,607844
2008,28,Action,607844
2009,53,Thriller,607844
2010,18,Drama,607844
2011,36,History,607844
2012,14,Fantasy,598014
2013,12,Adventure,598014
2014,35,Comedy,598014
2015,10749,Romance,714869
2016,35,Comedy,714869
2017,16,Animation,839803
2018,35,Comedy,839803
2019,28,Action,839803
2020,18,Drama,839803
2021,18,Drama,673309
2022,10751,Family,673309
2023,14,Fantasy,412656
2024,878,Science Fiction,412656
2025,12,Adventure,412656
2026,16,Animation,550205
2027,10751,Family,550205
2028,35,Comedy,550205
2029,14,Fantasy,550205
2030,10749,Romance,550205
2031,12,Adventure,550205
2032,18,Drama,601337
2033,36,History,601337
2034,18,Drama,716612
2035,53,Thriller,578701
2036,28,Action,578701
2037,18,Drama,766798
2038,28,Action,634528
2039,18,Drama,634528
2040,53,Thriller,634528
2041,18,Drama,923526
2042,35,Comedy,923526
2043,80,Crime,923526
2044,28,Action,76600
2045,12,Adventure,76600
2046,878,Science Fiction,76600
2047,28,Action,361743
2048,18,Drama,361743
2049,12,Adventure,507086
2050,878,Science Fiction,507086
2051,53,Thriller,507086
2052,14,Fantasy,453395
2053,28,Action,453395
2054,12,Adventure,453395
2055,16,Animation,438148
2056,35,Comedy,438148
2057,878,Science Fiction,438148
2058,80,Crime,438148
2059,10751,Family,438148
2060,28,Action,505642
2061,12,Adventure,505642
2062,878,Science Fiction,505642
2063,80,Crime,414906
2064,9648,Mystery,414906
2065,53,Thriller,414906
2066,14,Fantasy,616037
2067,28,Action,616037
2068,35,Comedy,616037
2069,10752,War,928123
2070,36,History,928123
2071,28,Action,928123
2072,16,Animation,315162
2073,12,Adventure,315162
2074,14,Fantasy,315162
2075,35,Comedy,315162
2076,10751,Family,315162
2077,878,Science Fiction,801803
2078,35,Comedy,801803
2079,18,Drama,801803
2080,14,Fantasy,338953
2081,12,Adventure,338953
2082,28,Action,335787
2083,12,Adventure,335787
2084,9648,Mystery,335787
2085,28,Action,675353
2086,12,Adventure,675353
2087,10751,Family,675353
2088,35,Comedy,675353
2089,28,Action,436270
2090,12,Adventure,436270
2091,878,Science Fiction,436270
2092,28,Action,923192
2093,35,Comedy,923192
2094,16,Animation,916224
2095,18,Drama,916224
2096,12,Adventure,916224
2097,14,Fantasy,916224
2098,10402,Music,614934
2099,36,History,614934
2100,18,Drama,614934
2101,16,Animation,783675
2102,35,Comedy,783675
2103,18,Drama,783675
2104,18,Drama,945664
2105,28,Action,629542
2106,16,Animation,629542
2107,35,Comedy,629542
2108,80,Crime,629542
2109,10751,Family,629542
2110,28,Action,718930
2111,35,Comedy,718930
2112,53,Thriller,718930
2113,18,Drama,1022145
2114,10752,War,1022145
2115,16,Animation,718789
2116,878,Science Fiction,718789
2117,10751,Family,718789
2118,12,Adventure,718789
2119,27,Horror,882598
2120,9648,Mystery,882598
2121,18,Drama,803266
2122,10751,Family,803266
2123,35,Comedy,803266
2124,10751,Family,539681
2125,35,Comedy,539681
2126,12,Adventure,539681
2127,16,Animation,539681
2128,878,Science Fiction,539681
2129,28,Action,752623
2130,12,Adventure,752623
2131,35,Comedy,752623
2132,878,Science Fiction,536554
2133,27,Horror,536554
2134,27,Horror,762504
2135,878,Science Fiction,762504
2136,16,Animation,900667
2137,12,Adventure,900667
2138,28,Action,900667
2139,14,Fantasy,900667
2140,10402,Music,900667
2141,18,Drama,800939
2142,35,Comedy,800939
2143,10749,Romance,800939
2144,28,Action,526896
2145,878,Science Fiction,526896
2146,14,Fantasy,526896
2147,27,Horror,756999
2148,53,Thriller,756999
2149,28,Action,579974
2150,36,History,579974
2151,18,Drama,579974
2152,16,Animation,931404
2153,10751,Family,931404
2154,878,Science Fiction,931404
2155,12,Adventure,931404
2156,35,Comedy,931404
2157,18,Drama,682507
2158,9648,Mystery,682507
2159,10749,Romance,682507
2160,28,Action,545611
2161,12,Adventure,545611
2162,878,Science Fiction,545611
2163,27,Horror,646385
2164,9648,Mystery,646385
2165,9648,Mystery,505026
2166,80,Crime,505026
2167,53,Thriller,505026
2168,35,Comedy,937278
2169,18,Drama,937278
2170,35,Comedy,830784
2171,10751,Family,830784
2172,10402,Music,830784
2173,28,Action,543504
2174,80,Crime,543504
2175,9648,Mystery,543504
2176,53,Thriller,543504
2177,27,Horror,616820
2178,53,Thriller,616820
2179,28,Action,619803
2180,80,Crime,619803
2181,53,Thriller,619803
2182,12,Adventure,619803
2183,18,Drama,518896
2184,28,Action,518896
2185,878,Science Fiction,518896
2186,28,Action,724495
2187,18,Drama,724495
2188,36,History,724495
2189,10752,War,724495
2190,18,Drama,820446
2191,10749,Romance,820446
2192,28,Action,587412
2193,53,Thriller,587412
2194,12,Adventure,587412
2195,80,Crime,587412
2196,18,Drama,799288
2197,10752,War,799288
2198,9648,Mystery,619730
2199,53,Thriller,619730
2200,878,Science Fiction,619730
2201,27,Horror,619730
2202,16,Animation,610150
2203,878,Science Fiction,610150
2204,28,Action,610150
2205,10749,Romance,827689
2206,28,Action,827689
2207,35,Comedy,827689
2208,18,Drama,827689
2209,18,Drama,626735
2210,35,Comedy,626735
2211,10402,Music,649781
2212,10752,War,649781
2213,35,Comedy,945778
2214,878,Science Fiction,945778
2215,10749,Romance,945778
2216,18,Drama,945778
2217,28,Action,656663
2218,35,Comedy,656663
2219,99,Documentary,656663
2220,35,Comedy,593643
2221,27,Horror,593643
2222,28,Action,899112
2223,35,Comedy,899112
2224,14,Fantasy,899112
2225,53,Thriller,899112
2226,878,Science Fiction,629176
2227,80,Crime,629176
2228,28,Action,629176
2229,16,Animation,877269
2230,10751,Family,877269
2231,12,Adventure,877269
2232,14,Fantasy,877269
2233,878,Science Fiction,877269
2234,35,Comedy,903125
2235,36,History,903125
2236,16,Animation,903939
2237,28,Action,903939
2238,80,Crime,903939
2239,9648,Mystery,903939
2240,16,Animation,844075
2241,12,Adventure,844075
2242,14,Fantasy,844075
2243,35,Comedy,844075
2244,28,Action,639933
2245,12,Adventure,639933
2246,14,Fantasy,639933
2247,878,Science Fiction,406759
2248,12,Adventure,406759
2249,28,Action,406759
2250,18,Drama,615777
2251,35,Comedy,615777
2252,10749,Romance,804725
2253,14,Fantasy,804725
2254,18,Drama,804725
2255,28,Action,858485
2256,18,Drama,858485
2257,53,Thriller,858485
2258,10402,Music,696157
2259,18,Drama,696157
2260,28,Action,660046
2261,12,Adventure,660046
2262,36,History,660046
2263,18,Drama,714888
2264,36,History,714888
2265,80,Crime,714888
2266,18,Drama,785084
2267,10752,War,588108
2268,28,Action,588108
2269,18,Drama,588108
2270,36,History,588108
2271,28,Action,760741
2272,12,Adventure,760741
2273,27,Horror,760741
2274,53,Thriller,760741
2275,18,Drama,760741
2276,28,Action,522016
2277,12,Adventure,522016
2278,53,Thriller,522016
2279,28,Action,743563
2280,80,Crime,743563
2281,53,Thriller,743563
2282,53,Thriller,763285
2283,28,Action,763285
2284,18,Drama,763285
2285,80,Crime,763285
2286,10402,Music,943744
2287,99,Documentary,943744
2288,18,Drama,674324
2289,35,Comedy,674324
2290,18,Drama,804095
2291,27,Horror,913290
2292,9648,Mystery,913290
2293,10749,Romance,615904
2294,35,Comedy,615904
2295,10402,Music,615904
2296,16,Animation,366672
2297,12,Adventure,366672
2298,35,Comedy,366672
2299,10751,Family,366672
2300,28,Action,366672
2301,53,Thriller,1029827
2302,18,Drama,1029827
2303,9648,Mystery,1029827
2304,28,Action,879444
2305,35,Comedy,879444
2306,80,Crime,879444
2307,27,Horror,676547
2308,53,Thriller,676547
2309,10751,Family,668482
2310,35,Comedy,668482
2311,14,Fantasy,668482
2312,28,Action,961420
2313,12,Adventure,961420
2314,10752,War,961420
2315,18,Drama,974772
2316,80,Crime,974772
2317,28,Action,634429
2318,878,Science Fiction,634429
2319,16,Animation,504827
2320,35,Comedy,504827
2321,80,Crime,504827
2322,9648,Mystery,504827
2323,27,Horror,830788
2324,53,Thriller,830788
2325,878,Science Fiction,753569
2326,35,Comedy,753569
2327,14,Fantasy,753569
2328,18,Drama,753569
2329,18,Drama,1028526
2330,16,Animation,676701
2331,12,Adventure,676701
2332,10751,Family,676701
2333,35,Comedy,676701
2334,14,Fantasy,676701
2335,27,Horror,695962
2336,35,Comedy,695962
2337,9648,Mystery,664469
2338,35,Comedy,664469
2339,18,Drama,664469
2340,18,Drama,754609
2341,35,Comedy,754609
2342,36,History,754609
2343,28,Action,648579
2344,35,Comedy,648579
2345,80,Crime,648579
2346,35,Comedy,346698
2347,12,Adventure,346698
2348,14,Fantasy,346698
2349,10751,Family,502356
2350,35,Comedy,502356
2351,12,Adventure,502356
2352,14,Fantasy,502356
2353,16,Animation,502356
2354,18,Drama,872585
2355,36,History,872585
2356,878,Science Fiction,447365
2357,12,Adventure,447365
2358,28,Action,447365
2359,28,Action,385687
2360,80,Crime,385687
2361,53,Thriller,385687
2362,16,Animation,569094
2363,28,Action,569094
2364,12,Adventure,569094
2365,878,Science Fiction,569094
2366,9648,Mystery,1066298
2367,35,Comedy,1066298
2368,53,Thriller,1066298
2369,36,History,1066298
2370,878,Science Fiction,842675
2371,28,Action,842675
2372,12,Adventure,842675
2373,35,Comedy,787699
2374,10751,Family,787699
2375,14,Fantasy,787699
2376,28,Action,575264
2377,12,Adventure,575264
2378,53,Thriller,575264
2379,12,Adventure,447277
2380,10751,Family,447277
2381,14,Fantasy,447277
2382,10749,Romance,447277
2383,16,Animation,976573
2384,35,Comedy,976573
2385,10751,Family,976573
2386,10749,Romance,976573
2387,28,Action,640146
2388,12,Adventure,640146
2389,878,Science Fiction,640146
2390,28,Action,603692
2391,53,Thriller,603692
2392,80,Crime,603692
2393,878,Science Fiction,667538
2394,12,Adventure,667538
2395,28,Action,667538
2396,28,Action,572802
2397,12,Adventure,572802
2398,14,Fantasy,572802
2399,28,Action,615656
2400,878,Science Fiction,615656
2401,27,Horror,615656
2402,12,Adventure,335977
2403,28,Action,335977
2404,28,Action,856289
2405,14,Fantasy,856289
2406,10752,War,856289
2407,878,Science Fiction,695721
2408,28,Action,695721
2409,9648,Mystery,1108211
2410,80,Crime,1108211
2411,53,Thriller,1108211
2412,10751,Family,940551
2413,35,Comedy,940551
2414,12,Adventure,940551
2415,16,Animation,940551
2416,27,Horror,507089
2417,53,Thriller,507089
2418,16,Animation,508883
2419,14,Fantasy,508883
2420,18,Drama,508883
2421,18,Drama,677179
2422,28,Action,677179
2423,28,Action,298618
2424,878,Science Fiction,298618
2425,12,Adventure,298618
2426,27,Horror,968051
2427,10402,Music,1160164
2428,16,Animation,1022796
2429,10751,Family,1022796
2430,14,Fantasy,1022796
2431,12,Adventure,1022796
2432,16,Animation,1089654
2433,36,History,1089654
2434,28,Action,678512
2435,18,Drama,678512
2436,36,History,753342
2437,10752,War,753342
2438,18,Drama,753342
2439,16,Animation,1078012
2440,35,Comedy,1078012
2441,878,Science Fiction,1078012
2442,10751,Family,1078012
2443,12,Adventure,1078012
2444,10749,Romance,1072790
2445,35,Comedy,1072790
2446,16,Animation,901362
2447,10751,Family,901362
2448,10402,Music,901362
2449,14,Fantasy,901362
2450,35,Comedy,901362
2451,12,Adventure,901362
2452,12,Adventure,493529
2453,14,Fantasy,493529
2454,35,Comedy,493529
2455,878,Science Fiction,609681
2456,12,Adventure,609681
2457,28,Action,609681
2458,12,Adventure,893723
2459,16,Animation,893723
2460,35,Comedy,893723
2461,10751,Family,893723
2462,878,Science Fiction,893723
2463,28,Action,926393
2464,53,Thriller,926393
2465,80,Crime,926393
2466,27,Horror,614479
2467,53,Thriller,614479
2468,18,Drama,1173076
2469,35,Comedy,1173076
2470,16,Animation,614930
2471,35,Comedy,614930
2472,28,Action,614930
2473,878,Science Fiction,614930
2474,27,Horror,934433
2475,53,Thriller,934433
2476,80,Crime,934433
2477,80,Crime,466420
2478,36,History,466420
2479,18,Drama,466420
2480,27,Horror,713704
2481,53,Thriller,713704
2482,18,Drama,855483
2483,9648,Mystery,855483
2484,36,History,855483
2485,28,Action,855483
2486,27,Horror,807172
2487,28,Action,872906
2488,53,Thriller,872906
2489,16,Animation,667717
2490,12,Adventure,667717
2491,18,Drama,667717
2492,14,Fantasy,667717
2493,9648,Mystery,667717
2494,35,Comedy,594767
2495,28,Action,594767
2496,14,Fantasy,594767
2497,28,Action,565770
2498,878,Science Fiction,565770
2499,12,Adventure,565770
2500,28,Action,864692
2501,12,Adventure,864692
2502,53,Thriller,864692
2503,27,Horror,951491
2504,9648,Mystery,951491
2505,12,Adventure,980489
2506,18,Drama,980489
2507,28,Action,980489
2508,9648,Mystery,945729
2509,53,Thriller,945729
2510,80,Crime,945729
2511,878,Science Fiction,792307
2512,10749,Romance,792307
2513,35,Comedy,792307
2514,35,Comedy,616747
2515,18,Drama,616747
2516,14,Fantasy,616747
2517,18,Drama,1076500
2518,10752,War,1076500
2519,36,History,1076500
2520,878,Science Fiction,940721
2521,27,Horror,940721
2522,28,Action,940721
2523,28,Action,781732
2524,80,Crime,781732
2525,18,Drama,781732
2526,16,Animation,1047041
2527,28,Action,1047041
2528,80,Crime,1047041
2529,9648,Mystery,1047041
2530,878,Science Fiction,670292
2531,28,Action,670292
2532,12,Adventure,670292
2533,35,Comedy,945703
2534,28,Action,945703
2535,53,Thriller,1175807
2536,878,Science Fiction,1175807
2537,35,Comedy,1175807
2538,9648,Mystery,1175807
2539,35,Comedy,751171
2540,10751,Family,751171
2541,27,Horror,1008042
2542,80,Crime,1046090
2543,18,Drama,1046090
2544,53,Thriller,1046090
2545,18,Drama,964980
2546,36,History,964980
2547,53,Thriller,804150
2548,35,Comedy,804150
2549,80,Crime,804150
2550,28,Action,770906
2551,80,Crime,770906
2552,18,Drama,770906
2553,28,Action,955555
2554,80,Crime,955555
2555,35,Comedy,955555
2556,53,Thriller,955555
2557,35,Comedy,884605
2558,10749,Romance,884605
2559,27,Horror,532408
2560,35,Comedy,1077295
2561,28,Action,1012837
2562,18,Drama,1012837
2563,80,Crime,1155257
2564,9648,Mystery,1155257
2565,18,Drama,1155257
2566,27,Horror,758323
2567,53,Thriller,758323
2568,28,Action,646389
2569,12,Adventure,646389
2570,53,Thriller,646389
2571,28,Action,937020
2572,80,Crime,937020
2573,53,Thriller,937020
2574,35,Comedy,937020
2575,12,Adventure,937020
2576,35,Comedy,1073486
2577,53,Thriller,1073486
2578,18,Drama,1073486
2579,80,Crime,1073486
2580,28,Action,949229
2581,80,Crime,949229
2582,53,Thriller,949229
2583,18,Drama,558915
2584,10749,Romance,1227361
2585,18,Drama,661579
2586,28,Action,661579
2587,80,Crime,661579
2588,28,Action,700391
2589,12,Adventure,700391
2590,878,Science Fiction,700391
2591,16,Animation,1062807
2592,35,Comedy,1062807
2593,12,Adventure,1062807
2594,28,Action,1062807
2595,16,Animation,1490213
2596,28,Action,1490213
2597,14,Fantasy,1490213
2598,27,Horror,631842
2599,9648,Mystery,631842
2600,53,Thriller,631842
2601,18,Drama,1121612
2602,80,Crime,1121612
2603,18,Drama,823452
2604,36,History,823452
2605,28,Action,734253
2606,12,Adventure,734253
2607,14,Fantasy,734253
2608,35,Comedy,747188
2609,18,Drama,747188
2610,16,Animation,816904
2611,12,Adventure,816904
2612,14,Fantasy,816904
2613,10751,Family,816904
2614,18,Drama,467244
2615,36,History,467244
2616,10752,War,467244
2617,18,Drama,719256
2618,36,History,719256
2619,35,Comedy,906221
2620,18,Drama,906221
2621,10749,Romance,906221
2622,36,History,760774
2623,18,Drama,760774
2624,18,Drama,1026227
2625,35,Comedy,1026227
2626,36,History,1026227
2627,28,Action,720557
2628,12,Adventure,720557
2629,53,Thriller,720557
2630,28,Action,739405
2631,35,Comedy,739405
2632,53,Thriller,739405
2633,12,Adventure,739405
2634,16,Animation,1022789
2635,12,Adventure,1022789
2636,35,Comedy,1022789
2637,10751,Family,1022789
2638,28,Action,533535
2639,35,Comedy,533535
2640,878,Science Fiction,533535
2641,12,Adventure,1241982
2642,16,Animation,1241982
2643,35,Comedy,1241982
2644,10751,Family,1241982
2645,14,Fantasy,1241982
2646,16,Animation,519182
2647,35,Comedy,519182
2648,28,Action,519182
2649,878,Science Fiction,519182
2650,10751,Family,519182
2651,18,Drama,402431
2652,10749,Romance,402431
2653,14,Fantasy,402431
2654,12,Adventure,762509
2655,10751,Family,762509
2656,16,Animation,762509
2657,878,Science Fiction,693134
2658,12,Adventure,693134
2659,28,Action,823464
2660,12,Adventure,823464
2661,878,Science Fiction,823464
2662,28,Action,1011985
2663,12,Adventure,1011985
2664,16,Animation,1011985
2665,35,Comedy,1011985
2666,10751,Family,1011985
2667,14,Fantasy,1011985
2668,28,Action,939243
2669,878,Science Fiction,939243
2670,35,Comedy,939243
2671,10751,Family,939243
2672,878,Science Fiction,912649
2673,28,Action,912649
2674,12,Adventure,912649
2675,18,Drama,1228891
2676,35,Comedy,1228891
2677,12,Adventure,1228891
2678,28,Action,558449
2679,12,Adventure,558449
2680,18,Drama,558449
2681,35,Comedy,917496
2682,14,Fantasy,917496
2683,27,Horror,917496
2684,18,Drama,1229349
2685,35,Comedy,1229349
2686,28,Action,1229349
2687,35,Comedy,1299537
2688,28,Action,573435
2689,35,Comedy,573435
2690,80,Crime,573435
2691,878,Science Fiction,653346
2692,12,Adventure,653346
2693,28,Action,653346
2694,36,History,495278
2695,18,Drama,495278
2696,28,Action,718821
2697,53,Thriller,718821
2698,18,Drama,1079091
2699,10749,Romance,1079091
2700,27,Horror,945961
2701,878,Science Fiction,945961
2702,18,Drama,1147596
2703,35,Comedy,1147596
2704,10751,Family,1184918
2705,16,Animation,1184918
2706,878,Science Fiction,1184918
2707,12,Adventure,1184918
2708,16,Animation,1228564
2709,35,Comedy,1228564
2710,878,Science Fiction,1228564
2711,10751,Family,1228564
2712,27,Horror,762441
2713,878,Science Fiction,762441
2714,53,Thriller,762441
2715,12,Adventure,748783
2716,16,Animation,748783
2717,35,Comedy,748783
2718,10751,Family,748783
2719,28,Action,857598
2720,18,Drama,857598
2721,53,Thriller,857598
2722,80,Crime,857598
2723,12,Adventure,516729
2724,35,Comedy,516729
2725,10751,Family,516729
2726,18,Drama,889737
2727,80,Crime,889737
2728,53,Thriller,889737
2729,14,Fantasy,967847
2730,12,Adventure,967847
2731,35,Comedy,967847
2732,35,Comedy,1462164
2733,80,Crime,1300945
2734,9648,Mystery,1300945
2735,53,Thriller,1300945
2736,35,Comedy,639720
2737,14,Fantasy,639720
2738,10751,Family,639720
2739,28,Action,845781
2740,12,Adventure,845781
2741,35,Comedy,845781
2742,14,Fantasy,845781
2743,27,Horror,426063
2744,14,Fantasy,426063
2745,28,Action,746036
2746,35,Comedy,746036
2747,10749,Romance,746036
2748,10402,Music,802219
2749,36,History,802219
2750,18,Drama,802219
2751,28,Action,786892
2752,878,Science Fiction,786892
2753,12,Adventure,786892
2754,18,Drama,1298727
2755,10752,War,1298727
2756,36,History,1298727
2757,28,Action,866398
2758,80,Crime,866398
2759,53,Thriller,866398
2760,18,Drama,801688
2761,28,Action,801688
2762,14,Fantasy,801688
2763,878,Science Fiction,801688
2764,18,Drama,661539
2765,10402,Music,661539
2766,27,Horror,1100782
2767,10402,Music,1100782
2768,9648,Mystery,1100782
2769,53,Thriller,1100782
2770,16,Animation,698687
2771,878,Science Fiction,698687
2772,12,Adventure,698687
2773,10751,Family,698687
2774,28,Action,1128650
2775,18,Drama,1128650
2776,80,Crime,1128650
2777,53,Thriller,1128650
2778,80,Crime,1226578
2779,27,Horror,1226578
2780,9648,Mystery,1226578
2781,10752,War,929590
2782,28,Action,929590
2783,18,Drama,929590
2784,18,Drama,974576
2785,53,Thriller,974576
2786,18,Drama,1278101
2787,10751,Family,1278101
2788,16,Animation,1209217
2789,80,Crime,1209217
2790,9648,Mystery,1209217
2791,28,Action,1209217
2792,35,Comedy,673593
2793,28,Action,634492
2794,14,Fantasy,634492
2795,16,Animation,1012201
2796,35,Comedy,1012201
2797,99,Documentary,1408921
2798,35,Comedy,1300939
2799,28,Action,1300939
2800,99,Documentary,1292380
2801,9648,Mystery,838209
2802,27,Horror,838209
2803,53,Thriller,838209
2804,18,Drama,1260951
2805,10749,Romance,1260951
2806,28,Action,848538
2807,12,Adventure,848538
2808,35,Comedy,848538
2809,28,Action,923667
2810,80,Crime,923667
2811,53,Thriller,923667
2812,18,Drama,937287
2813,10749,Romance,937287
2814,27,Horror,1034541
2815,28,Action,1214314
2816,53,Thriller,1214314
2817,35,Comedy,1152014
2818,10751,Family,1152014
2819,28,Action,1017163
2820,80,Crime,1017163
2821,53,Thriller,1017163
2822,35,Comedy,1017163
2823,80,Crime,1032823
2824,27,Horror,1032823
2825,53,Thriller,1032823
2826,27,Horror,933260
2827,878,Science Fiction,933260
2828,53,Thriller,933260
2829,27,Horror,1114513
2830,53,Thriller,1114513
2831,12,Adventure,1084736
2832,28,Action,1084736
2833,18,Drama,1084736
2834,18,Drama,1103621
2835,18,Drama,881544
2836,28,Action,881544
2837,10752,War,881544
2838,18,Drama,1241905
2839,10749,Romance,1241905
2840,10751,Family,1241905
2841,28,Action,1301470
2842,80,Crime,1301470
2843,18,Drama,1272440
2844,80,Crime,1272440
2845,28,Action,539972
2846,12,Adventure,539972
2847,53,Thriller,539972
2848,35,Comedy,1273472
2849,10749,Romance,1273472
2850,10749,Romance,1097549
2851,53,Thriller,1097549
2852,28,Action,1289601
2853,18,Drama,1289601
2854,53,Thriller,1289601
2855,16,Animation,1207123
2856,10749,Romance,1207123
2857,35,Comedy,1207123
2858,14,Fantasy,1207123
2859,18,Drama,1064213
2860,35,Comedy,1064213
2861,10749,Romance,1064213
2862,18,Drama,1225862
2863,35,Comedy,1225862
2864,27,Horror,1072342
2865,9648,Mystery,1072342
2866,28,Action,811941
2867,18,Drama,811941
2868,28,Action,1241320
2869,12,Adventure,1241320
2870,27,Horror,437342
2871,28,Action,995926
2872,80,Crime,995926
2873,35,Comedy,995926
2874,53,Thriller,1138194
2875,27,Horror,1138194
2876,28,Action,1033462
2877,12,Adventure,1033462
2878,878,Science Fiction,1033462
2879,14,Fantasy,1086747
2880,27,Horror,1086747
2881,9648,Mystery,1086747
2882,10402,Music,998846
2883,36,History,998846
2884,18,Drama,998846
2885,18,Drama,549509
2886,27,Horror,719221
2887,27,Horror,1010600
2888,53,Thriller,1010600
2889,28,Action,1129608
2890,18,Drama,1129608
2891,53,Thriller,1129608
2892,18,Drama,1241486
2893,36,History,1241486
2894,53,Thriller,1241486
2895,27,Horror,840705
2896,9648,Mystery,840705
2897,53,Thriller,840705
2898,27,Horror,980599
2899,35,Comedy,980599
2900,35,Comedy,1004096
2901,28,Action,1014214
2902,18,Drama,1014214
2903,53,Thriller,1014214
2904,80,Crime,1014214
2905,16,Animation,980477
2906,28,Action,980477
2907,14,Fantasy,980477
2908,12,Adventure,980477
2909,16,Animation,1084242
2910,12,Adventure,1084242
2911,35,Comedy,1084242
2912,9648,Mystery,1084242
2913,10751,Family,1084242
2914,878,Science Fiction,83533
2915,12,Adventure,83533
2916,14,Fantasy,83533
2917,10751,Family,552524
2918,878,Science Fiction,552524
2919,35,Comedy,552524
2920,10751,Family,950387
2921,14,Fantasy,950387
2922,35,Comedy,950387
2923,12,Adventure,950387
2924,878,Science Fiction,1234821
2925,12,Adventure,1234821
2926,28,Action,1234821
2927,16,Animation,1311031
2928,28,Action,1311031
2929,14,Fantasy,1311031
2930,12,Adventure,1729016
2931,28,Action,1729016
2932,35,Comedy,1729016
2933,14,Fantasy,1087192
2934,10751,Family,1087192
2935,28,Action,1087192
2936,12,Adventure,1087192
2937,28,Action,911430
2938,18,Drama,911430
2939,878,Science Fiction,1061474
2940,12,Adventure,1061474
2941,28,Action,1061474
2942,28,Action,575265
2943,53,Thriller,575265
2944,12,Adventure,575265
2945,14,Fantasy,967941
2946,12,Adventure,967941
2947,10749,Romance,967941
2948,878,Science Fiction,617126
2949,12,Adventure,617126
2950,28,Action,617126
2951,35,Comedy,1357305
2952,9648,Mystery,1357305
2953,28,Action,1357305
2954,27,Horror,1038392
2955,18,Drama,1500536
2956,10752,War,1500536
2957,36,History,1500536
2958,28,Action,822119
2959,53,Thriller,822119
2960,878,Science Fiction,822119
2961,9648,Mystery,1368166
2962,53,Thriller,1368166
2963,28,Action,986056
2964,878,Science Fiction,986056
2965,12,Adventure,986056
2966,27,Horror,1233413
2967,28,Action,1233413
2968,53,Thriller,1233413
2969,27,Horror,574475
2970,9648,Mystery,574475
2971,12,Adventure,1709464
2972,10751,Family,1709464
2973,14,Fantasy,1709464
2974,18,Drama,1321624
2975,10752,War,1321624
2976,27,Horror,1078605
2977,9648,Mystery,1078605
2978,80,Crime,425274
2979,53,Thriller,425274
2980,10751,Family,1175942
2981,35,Comedy,1175942
2982,80,Crime,1175942
2983,12,Adventure,1175942
2984,16,Animation,1175942
2985,27,Horror,1228246
2986,53,Thriller,1228246
2987,16,Animation,1304434
2988,12,Adventure,1304434
2989,14,Fantasy,1304434
2990,35,Comedy,1304434
2991,53,Thriller,1054867
2992,80,Crime,1054867
2993,35,Comedy,1054867
2994,10751,Family,447273
2995,14,Fantasy,447273
2996,16,Animation,1218925
2997,28,Action,1218925
2998,10749,Romance,1218925
2999,14,Fantasy,1218925
3000,18,Drama,1317288
3001,53,Thriller,1317288
3002,28,Action,1242898
3003,878,Science Fiction,1242898
3004,12,Adventure,1242898
3005,28,Action,1419406
3006,80,Crime,1419406
3007,18,Drama,1419406
3008,53,Thriller,1419406
3009,28,Action,1155281
3010,14,Fantasy,1155281
3011,10752,War,1155281
3012,16,Animation,1396965
3013,28,Action,1396965
3014,9648,Mystery,1396965
3015,80,Crime,1396965
3016,12,Adventure,991494
3017,16,Animation,991494
3018,35,Comedy,991494
3019,10751,Family,991494
3020,14,Fantasy,991494
3021,16,Animation,1022787
3022,12,Adventure,1022787
3023,878,Science Fiction,1022787
3024,10751,Family,1022787
3025,35,Comedy,1125257
3026,14,Fantasy,1125257
3027,10751,Family,1125257
3028,27,Horror,1100988
3029,53,Thriller,1100988
3030,878,Science Fiction,1100988
3031,10751,Family,774370
3032,35,Comedy,774370
3033,12,Adventure,774370
3034,16,Animation,774370
3035,28,Action,774370
3036,878,Science Fiction,533533
3037,12,Adventure,533533
3038,28,Action,533533
3039,10749,Romance,1272149
3040,35,Comedy,1272149
3041,18,Drama,1272149
3042,28,Action,541671
3043,53,Thriller,541671
3044,80,Crime,541671
3045,28,Action,1291608
3046,80,Crime,1291608
3047,53,Thriller,1291608
3048,12,Adventure,1234731
3049,35,Comedy,1234731
3050,27,Horror,1234731
3051,18,Drama,1379266
3052,10402,Music,1379266
3053,878,Science Fiction,696506
3054,35,Comedy,696506
3055,12,Adventure,696506
3056,27,Horror,1197137
3057,53,Thriller,1197137
3058,16,Animation,936108
3059,10751,Family,936108
3060,14,Fantasy,936108
3061,28,Action,1011477
3062,12,Adventure,1011477
3063,18,Drama,1011477
3064,10749,Romance,1136867
3065,18,Drama,1136867
3066,18,Drama,1289936
3067,10749,Romance,1289936
3068,18,Drama,858024
3069,10749,Romance,858024
3070,16,Animation,1377650
3071,878,Science Fiction,1377650
3072,35,Comedy,1377650
3073,9648,Mystery,870028
3074,80,Crime,870028
3075,53,Thriller,870028
3076,35,Comedy,1035259
3077,80,Crime,1035259
3078,28,Action,1035259
3079,53,Thriller,1087891
3080,28,Action,1087891
3081,28,Action,1328803
3082,10752,War,1328803
3083,53,Thriller,1328803
3084,36,History,1328803
3085,28,Action,1083637
3086,18,Drama,1083637
3087,14,Fantasy,1083637
3088,10749,Romance,1327862
3089,18,Drama,1327862
3090,28,Action,1185528
3091,18,Drama,1185528
3092,36,History,1185528
3093,28,Action,1197306
3094,80,Crime,1197306
3095,53,Thriller,1197306
3096,18,Drama,1356587
3097,36,History,1356587
3098,35,Comedy,1356587
3099,16,Animation,1167307
3100,10751,Family,1167307
3101,18,Drama,1167307
3102,36,History,1167307
3103,12,Adventure,1167307
3104,28,Action,1127110
3105,53,Thriller,1127110
3106,80,Crime,1127110
3107,36,History,1196943
3108,28,Action,1196943
3109,18,Drama,1196943
3110,12,Adventure,1181107
3111,16,Animation,1181107
3112,10751,Family,1181107
3113,14,Fantasy,1181107
3114,18,Drama,1543134
3115,10752,War,1543134
3116,36,History,1543134
3117,12,Adventure,1280282
3118,16,Animation,1280282
3119,35,Comedy,1280282
3120,10751,Family,1280282
3121,14,Fantasy,1280282
3122,35,Comedy,1472638
3123,10751,Family,1472638
3124,12,Adventure,1472638
3125,28,Action,798645
3126,53,Thriller,798645
3127,878,Science Fiction,798645
3128,27,Horror,1124620
3129,35,Comedy,1124620
3130,16,Animation,1144107
3131,14,Fantasy,1144107
3132,28,Action,1144107
3133,12,Adventure,1144107
3134,27,Horror,1083433
3135,53,Thriller,1083433
3136,9648,Mystery,1083433
3137,10749,Romance,1241634
3138,18,Drama,1241634
3139,10402,Music,1241634
3140,18,Drama,1516436
3141,878,Science Fiction,604079
3142,53,Thriller,604079
3143,27,Horror,604079
3144,28,Action,604685
3145,80,Crime,604685
3146,53,Thriller,604685
3147,28,Action,1153399
3148,53,Thriller,1153399
3149,80,Crime,1153399
3150,10402,Music,1371185
3151,10749,Romance,1371185
3152,18,Drama,1371185
3153,35,Comedy,1233066
3154,37,Western,1233066
3155,27,Horror,1232546
3156,9648,Mystery,1232546
3157,18,Drama,1280330
3158,28,Action,1280330
3159,10752,War,1280330
3160,18,Drama,1241924
3161,18,Drama,1139695
3162,80,Crime,1139695
3163,35,Comedy,1267905
3164,18,Drama,1267905
3165,10749,Romance,1267905
3166,35,Comedy,1280672
3167,18,Drama,1305653
3168,36,History,1305653
3169,10752,War,1305653
3170,9648,Mystery,1693620
3171,35,Comedy,1693620
3172,28,Action,945801
3173,14,Fantasy,945801
3174,18,Drama,1356454
3175,10752,War,1356454
3176,28,Action,1126166
3177,53,Thriller,1126166
3178,18,Drama,1230368
3179,10402,Music,1230368
3180,16,Animation,1539104
3181,28,Action,1539104
3182,14,Fantasy,1539104
3183,27,Horror,1408208
3184,9648,Mystery,1408208
3185,53,Thriller,1408208
3186,18,Drama,1233575
3187,9648,Mystery,1233575
3188,53,Thriller,1233575
3189,878,Science Fiction,701387
3190,53,Thriller,701387
3191,35,Comedy,701387
